Question,Answer Status
Does the PDF explain what is the largest ocean on earth?,Not Exist
How many moons does Jupiter have?,Not Exist
Tell me what is the plot of the movie 'inception'?,Not Exist
How do you tie a tie?,Not Exist
Is there information about who is the lead singer of queen? in the document?,Not Exist
Does the PDF explain what is the square root of 9801?,Not Exist
Where can I find how do you make a paper airplane? in the PDF?,Not Exist
Does the book mention what is the 'language barrier' mentioned in chapter 1?,Exist
"According to the PDF, what is 'realvnc'?",Exist
What is the lyrics to 'Bohemian Rhapsody'?,Not Exist
Does the PDF explain who was the first person to walk on the moon?,Not Exist
I want to know what is the 'human factor' in it support?,Exist
Does the PDF explain how do you perform a heart transplant?,Not Exist
Does the PDF explain how do you play the violin?,Not Exist
Tell me how do you train a dragon?,Not Exist
Is there information about who is the ceo of tesla in 2024? in the document?,Not Exist
Is there information about what is the boiling point of gold? in the document?,Not Exist
How do you train a dragon?,Not Exist
Can you tell me what is 'system information'?,Exist
I want to know what is the isbn-13 for the paperback version?,Exist
What is the best treatment for a common cold?,Not Exist
Tell me who is the greek god of the sea?,Not Exist
Where can I find how do you fix a leaking faucet? in the PDF?,Not Exist
Can you tell me what is 'screencasting'?,Exist
Tell me who wrote 'to kill a mockingbird'?,Not Exist
Tell me what is the chemical formula for caffeine?,Not Exist
Can you tell me what is the 'peripheral problem' discussed in chapter 9?,Exist
Tell me how do you make a paper airplane?,Not Exist
Where can I find who discovered penicillin? in the PDF?,Not Exist
Tell me what is steve jobs' favorite food?,Not Exist
I want to know what is 'task manager'?,Exist
Can you tell me what are the three fundamental questions of it support mentioned in chapter 1?,Exist
Is there information about what is the capital of kazakhstan? in the document?,Not Exist
Can you tell me what is 'performance monitor'?,Exist
Tell me what is the main ingredient in hummus?,Not Exist
Does the PDF explain who won the super bowl in 2025?,Not Exist
Does the book mention who is the author of 'the it support handbook'?,Exist
"According to the PDF, who is the author of 'the it support handbook'?",Exist
Who is the Greek god of the sea?,Not Exist
"According to the PDF, what is 'understanding your users'?",Exist
Where can I find who wrote 'to kill a mockingbird'? in the PDF?,Not Exist
What is 'Quick Assist'?,Exist
I want to know what is 'windows nt'?,Exist
What is 'Understanding Your Users'?,Exist
What is 'Windows vNext'?,Exist
Does the book mention what is the 'process of elimination'?,Exist
Does the PDF explain what is the square root of 9801?,Not Exist
I want to know who is the coordinating editor of the book?,Exist
What does the term 'Numpty' mean according to the book?,Exist
How do you perform a heart transplant?,Not Exist
Which remote support tool is mentioned in Chapter 16?,Exist
Is there information about who is the author of 'harry potter'? in the document?,Not Exist
What is 'Windows vNext'?,Exist
Where can I find what is the best treatment for a common cold? in the PDF?,Not Exist
Is there information about how do you write a 'hello world' program in rust? in the document?,Not Exist
Does the book mention what are the names of mike halsey's rescue collies?,Exist
Does the book mention which company did mike halsey work for in second-line support?,Exist
I want to know what is 'querying users effectively'?,Exist
Is there information about what is the weight of an adult elephant? in the document?,Not Exist
Who is the Greek god of the sea?,Not Exist
I want to know what is the 'monkey mind' mentioned in chapter 8?,Exist
Tell me who discovered penicillin?,Not Exist
Does the PDF explain who is the current president of france?,Not Exist
Does the book mention what is the 'asset tag'?,Exist
Does the PDF explain who discovered penicillin?,Not Exist
Tell me how many bones are in the human body?,Not Exist
Does the PDF explain what is the diameter of the sun?,Not Exist
Does the book mention what is 'reliability history'?,Exist
What does the term 'Numpty' mean according to the book?,Exist
Can you tell me what is 'hardware is hard wearing'?,Exist
Can you tell me what is 'unix-verse'?,Exist
Does the book mention in which city does mike halsey live?,Exist
Can you tell me what is the isbn-13 for the paperback version?,Exist
Does the book mention what is 'quick assist'?,Exist
Tell me how do you perform a heart transplant?,Not Exist
Is there information about who won the super bowl in 2025? in the document?,Not Exist
Can you tell me which tool is used for 'harnessing system and error reporting in windows' in chapter 14?,Exist
Can you tell me what is 'flow logic' in troubleshooting?,Exist
I want to know what is 'task manager'?,Exist
Is there information about who wrote 'to kill a mockingbird'? in the document?,Not Exist
What is 'Understanding Your IT System Better'?,Exist
Can you tell me which company did mike halsey work for in second-line support?,Exist
"According to the PDF, what is 'realvnc'?",Exist
What is the lyrics to 'Bohemian Rhapsody'?,Not Exist
What is the diameter of the Sun?,Not Exist
I want to know who is the coordinating editor of the book?,Exist
Does the PDF explain what is the boiling point of gold?,Not Exist
Where can I find who won the super bowl in 2025? in the PDF?,Not Exist
What is the meaning of life according to Douglas Adams?,Not Exist
Is there information about what is the speed of light in a vacuum? in the document?,Not Exist
Does the PDF explain what is the tallest building in the world?,Not Exist
Tell me how do you bake a chocolate cake?,Not Exist
Does the book mention what are the names of mike halsey's rescue collies?,Exist
Where can I find what is the tallest building in the world? in the PDF?,Not Exist
What is the history of the Great Wall of China?,Not Exist
Is there information about what is the square root of 9801? in the document?,Not Exist
Does the PDF explain what is the chemical formula for caffeine?,Not Exist
What is the deepest part of the ocean?,Not Exist
Can you tell me who is the author of 'the it support handbook'?,Exist
Does the book mention what is 'android'?,Exist
Is there information about what is the main ingredient in hummus? in the document?,Not Exist
Where can I find how do you bake a chocolate cake? in the PDF?,Not Exist
Does the PDF explain who is the author of 'harry potter'?,Not Exist
Can you tell me what is the 'xbox game bar' mentioned in chapter 18?,Exist
Who is the technical reviewer of the book?,Exist
Is there information about what is the best treatment for a common cold? in the document?,Not Exist
Can you tell me what is 'task manager'?,Exist
Does the PDF explain what is the deepest part of the ocean?,Not Exist
Does the PDF explain what is the history of the roman empire?,Not Exist
What is the tallest building in the world?,Not Exist
What is the 'Human Factor' in IT support?,Exist
I want to know what is 'event viewer'?,Exist
Does the PDF explain what is the tallest building in the world?,Not Exist
"According to the PDF, what does the term 'numpty' mean according to the book?",Exist
Is there information about who discovered penicillin? in the document?,Not Exist
What is the best way to learn surfing?,Not Exist
Who was the first person to walk on the moon?,Not Exist
Does the book mention what is 'windows nt'?,Exist
What is the main ingredient in hummus?,Not Exist
"According to the PDF, what are the names of mike halsey's rescue collies?",Exist
Is there information about who painted the mona lisa? in the document?,Not Exist
I want to know what is 'flow logic' in troubleshooting?,Exist
What is the 'Xbox Game Bar' mentioned in Chapter 18?,Exist
Is there information about what is the largest ocean on earth? in the document?,Not Exist
Does the book mention who is the technical reviewer of the book?,Exist
"According to the PDF, what is the 'peripheral problem' discussed in chapter 9?",Exist
Tell me what is the meaning of life according to douglas adams?,Not Exist
Does the book mention which publisher released 'the it support handbook'?,Exist
Does the book mention what is 'logmein'?,Exist
"According to the PDF, what is the name of the 'reborn psion' device mike halsey owns?",Exist
Does the book mention what is the 'problem steps recorder' used for?,Exist
"According to the PDF, what is the name of the 'reborn psion' device mike halsey owns?",Exist
Does the book mention what is the 'problem steps recorder' used for?,Exist
Does the PDF explain what is the main ingredient in hummus?,Not Exist
Is there information about what is the speed of light in a vacuum? in the document?,Not Exist
Can you tell me what is 'it support methodology'?,Exist
I want to know what is the 'process of elimination'?,Exist
"According to the PDF, what are the three fundamental questions of it support mentioned in chapter 1?",Exist
Does the book mention what is 'system information'?,Exist
"According to the PDF, what is 'aging tech'?",Exist
"According to the PDF, what is 'performance monitor'?",Exist
Can you tell me what is 'aging tech'?,Exist
What is the lyrics to 'Bohemian Rhapsody'?,Not Exist
Does the PDF explain what is the history of the roman empire?,Not Exist
What is the most popular programming language in 2026?,Not Exist
Can you tell me which remote support tool is mentioned in chapter 16?,Exist
Can you tell me what is 'querying users effectively'?,Exist
Where can I find what is the capital of kazakhstan? in the PDF?,Not Exist
How do you train a dragon?,Not Exist
"According to the PDF, which publisher released 'the it support handbook'?",Exist
Does the book mention what is the 'xbox game bar' mentioned in chapter 18?,Exist
Is there information about who is the author of 'harry potter'? in the document?,Not Exist
Tell me who is the ceo of tesla in 2024?,Not Exist
Does the PDF explain how do you fix a leaking faucet?,Not Exist
Does the book mention what is the isbn-13 for the paperback version?,Exist
What is 'Unix-verse'?,Exist
Does the book mention what is the 'human factor' in it support?,Exist
What is the capital of Kazakhstan?,Not Exist
"According to the PDF, what is 'it support fundamentals'?",Exist
Where can I find who won the fifa world cup in 2022? in the PDF?,Not Exist
Is there information about who is the lead singer of queen? in the document?,Not Exist
Tell me how do you bake a chocolate cake?,Not Exist
How do you fix a leaking faucet?,Not Exist
Tell me what is the most popular programming language in 2026?,Not Exist
Does the PDF explain who is the lead singer of queen?,Not Exist
What is 'System Information'?,Exist
Does the book mention what is 'event viewer'?,Exist
What is the boiling point of gold?,Not Exist
How do you play the violin?,Not Exist
"According to the PDF, what is 'event viewer'?",Exist
"According to the PDF, what is the 'monkey mind' mentioned in chapter 8?",Exist
I want to know what is 'understanding your it system better'?,Exist
"According to the PDF, what is 'windows remote assistance'?",Exist
"According to the PDF, what is 'screencasting'?",Exist
Who is the Greek god of the sea?,Not Exist
Tell me what is the capital of australia?,Not Exist
Where can I find what is the square root of 9801? in the PDF?,Not Exist
Does the book mention what is 'windows remote assistance'?,Exist
Is there information about who won the fifa world cup in 2022? in the document?,Not Exist
Can you tell me what is 'chrome remote desktop'?,Exist
What is the population of Tokyo?,Not Exist
Can you tell me what is 'realvnc'?,Exist
Does the PDF explain who discovered penicillin?,Not Exist
What is the distance between Earth and Mars?,Not Exist
I want to know what is the 'asset tag'?,Exist
Where can I find what is the lyrics to 'bohemian rhapsody'? in the PDF?,Not Exist
Where can I find how do you perform a heart transplant? in the PDF?,Not Exist
Does the PDF explain how do you solve a rubik's cube?,Not Exist
Tell me what is the boiling point of gold?,Not Exist
"According to the PDF, what is 'windows remote assistance'?",Exist
"According to the PDF, who is the coordinating editor of the book?",Exist
What is the capital of Australia?,Not Exist
"According to the PDF, what is 'screencasting'?",Exist
I want to know what is 'screencasting'?,Exist
Where can I find who painted the mona lisa? in the PDF?,Not Exist
Does the PDF explain what is the history of the great wall of china?,Not Exist
Does the PDF explain who was the first person to walk on the moon?,Not Exist
How many moons does Jupiter have?,Not Exist
Does the book mention what is the name of the 'reborn psion' device mike halsey owns?,Exist
Can you tell me who is the author of 'the it support handbook'?,Exist
"According to the PDF, what is 'performance monitor'?",Exist
"According to the PDF, what is the 'language barrier' mentioned in chapter 1?",Exist
Does the PDF explain how do you fix a leaking faucet?,Not Exist
Is there information about what is the square root of 9801? in the document?,Not Exist
"According to the PDF, what is 'task manager'?",Exist
Where can I find how do you grow tomatoes in a greenhouse? in the PDF?,Not Exist
How do you fix a leaking faucet?,Not Exist
Tell me who won the super bowl in 2025?,Not Exist
I want to know what is 'chrome remote desktop'?,Exist
I want to know what is 'reliability history'?,Exist
What is 'Performance Monitor'?,Exist
What is the speed of light in a vacuum?,Not Exist
Does the PDF explain what is the lyrics to 'bohemian rhapsody'?,Not Exist
Can you tell me what are the three fundamental questions of it support mentioned in chapter 1?,Exist
Where can I find who discovered penicillin? in the PDF?,Not Exist
"According to the PDF, what does the term 'numpty' mean according to the book?",Exist
Tell me what is the largest ocean on earth?,Not Exist
Does the book mention what is the name of the 'reborn psion' device mike halsey owns?,Exist
Who is the author of 'The IT Support Handbook'?,Exist
Can you tell me what is 'reliability history'?,Exist
Is there information about who is the author of 'harry potter'? in the document?,Not Exist
Tell me how do you perform a heart transplant?,Not Exist
Where can I find what is the currency of japan? in the PDF?,Not Exist
Who is the Coordinating Editor of the book?,Exist
Can you tell me what is 'unix-verse'?,Exist
Does the PDF explain what is the meaning of life according to douglas adams?,Not Exist
Does the book mention what is 'windows vnext'?,Exist
Where can I find what is the currency of japan? in the PDF?,Not Exist
Can you tell me what is 'task manager'?,Exist
Where can I find what is the history of the great wall of china? in the PDF?,Not Exist
Tell me who discovered penicillin?,Not Exist
Can you tell me who is the author of 'the it support handbook'?,Exist
What is 'IT Support Fundamentals'?,Exist
Does the PDF explain who discovered penicillin?,Not Exist
I want to know what is 'hardware is hard wearing'?,Exist
"According to the PDF, what is 'realvnc'?",Exist
Does the PDF explain how do you grow tomatoes in a greenhouse?,Not Exist
Tell me how do you play the violin?,Not Exist
How do you grow tomatoes in a greenhouse?,Not Exist
Tell me who is the lead singer of queen?,Not Exist
Where can I find what is the largest ocean on earth? in the PDF?,Not Exist
Is there information about how many moons does jupiter have? in the document?,Not Exist
Does the book mention what is the 'problem steps recorder' used for?,Exist
Is there information about who invented the telephone? in the document?,Not Exist
Which tool is used for 'Harnessing System and Error Reporting in Windows' in Chapter 14?,Exist
What is 'Android'?,Exist
Can you tell me what is the 'language barrier' mentioned in chapter 1?,Exist
Where can I find what is the plot of the movie 'inception'? in the PDF?,Not Exist
What is the 'Human Factor' in IT support?,Exist
Does the PDF explain who is the greek god of the sea?,Not Exist
What is the population of Tokyo?,Not Exist
Where can I find who invented the telephone? in the PDF?,Not Exist
Tell me what is the square root of 9801?,Not Exist
Where can I find what is the lyrics to 'bohemian rhapsody'? in the PDF?,Not Exist
"According to the PDF, what is 'chrome remote desktop'?",Exist
"According to the PDF, what is the 'peripheral problem' discussed in chapter 9?",Exist
Where can I find what is the most popular programming language in 2026? in the PDF?,Not Exist
I want to know what is 'querying users effectively'?,Exist
"According to the PDF, what is the 'process of elimination'?",Exist
Is there information about who is the current president of france? in the document?,Not Exist
Tell me what is the most popular programming language in 2026?,Not Exist
How many moons does Jupiter have?,Not Exist
Is there information about what is the currency of japan? in the document?,Not Exist
What are the three fundamental questions of IT support mentioned in Chapter 1?,Exist
Does the book mention what is 'ip freely'?,Exist
Which remote support tool is mentioned in Chapter 16?,Exist
How do you play the violin?,Not Exist
Does the book mention what is the name of the 'reborn psion' device mike halsey owns?,Exist
Can you tell me what is 'task manager'?,Exist
Where can I find what is the plot of the movie 'inception'? in the PDF?,Not Exist
I want to know what are the names of mike halsey's rescue collies?,Exist
Who wrote 'To Kill a Mockingbird'?,Not Exist
Where can I find what is the deepest part of the ocean? in the PDF?,Not Exist
Is there information about what is the best treatment for a common cold? in the document?,Not Exist
Can you tell me what are the names of mike halsey's rescue collies?,Exist
Can you tell me what is 'it support fundamentals'?,Exist
Where can I find who won the fifa world cup in 2022? in the PDF?,Not Exist
Where can I find how do you play the violin? in the PDF?,Not Exist
Can you tell me which remote support tool is mentioned in chapter 16?,Exist
Does the PDF explain how do you code a neural network from scratch in c++?,Not Exist
What is the main ingredient in hummus?,Not Exist
Does the book mention what is 'it support methodology'?,Exist
Where can I find who is the lead singer of queen? in the PDF?,Not Exist
Does the book mention what is the title of chapter 4?,Exist
What are the three fundamental questions of IT support mentioned in Chapter 1?,Exist
Tell me what is the distance between earth and mars?,Not Exist
I want to know what is the 'xbox game bar' mentioned in chapter 18?,Exist
Can you tell me what is 'it support methodology'?,Exist
"According to the PDF, what is 'quick assist'?",Exist
Does the book mention what are the names of mike halsey's rescue collies?,Exist
I want to know which company did mike halsey work for in second-line support?,Exist
Where can I find who won the super bowl in 2025? in the PDF?,Not Exist
What is 'RealVNC'?,Exist
Tell me how do you perform a heart transplant?,Not Exist
What is 'Joining the Dots'?,Exist
I want to know what is 'ip freely'?,Exist
What is 'Task Manager'?,Exist
Does the book mention what is 'windows vnext'?,Exist
Where can I find what is the diameter of the sun? in the PDF?,Not Exist
Does the PDF explain who is the lead singer of queen?,Not Exist
In which city does Mike Halsey live?,Exist
I want to know what is 'windows vnext'?,Exist
Is there information about how do you make a paper airplane? in the document?,Not Exist
Does the PDF explain what is the main ingredient in hummus?,Not Exist
Can you tell me what is the 'xbox game bar' mentioned in chapter 18?,Exist
Is there information about how do you write a 'hello world' program in rust? in the document?,Not Exist
I want to know who is the coordinating editor of the book?,Exist
Can you tell me what is the 'process of elimination'?,Exist
I want to know what is 'flow logic' in troubleshooting?,Exist
Who invented the telephone?,Not Exist
What is the 'Language Barrier' mentioned in Chapter 1?,Exist
I want to know what is 'windows vnext'?,Exist
What is 'Hardware Is Hard Wearing'?,Exist
Does the PDF explain what is the weight of an adult elephant?,Not Exist
What is the weight of an adult elephant?,Not Exist
Does the PDF explain how many bones are in the human body?,Not Exist
Can you tell me what are the three fundamental questions of it support mentioned in chapter 1?,Exist
Who is the current President of France?,Not Exist
I want to know what is 'ip freely'?,Exist
Who invented the telephone?,Not Exist
Which publisher released 'The IT Support Handbook'?,Exist
Is there information about who won the fifa world cup in 2022? in the document?,Not Exist
"According to the PDF, who is the coordinating editor of the book?",Exist
I want to know what is the 'process of elimination'?,Exist
"According to the PDF, what is 'hardware is hard wearing'?",Exist
"According to the PDF, which publisher released 'the it support handbook'?",Exist
Does the PDF explain how do you fix a leaking faucet?,Not Exist
What is the title of Chapter 4?,Exist
Tell me what is steve jobs' favorite food?,Not Exist
Which publisher released 'The IT Support Handbook'?,Exist
Where can I find what is the most popular programming language in 2026? in the PDF?,Not Exist
Is there information about how do you bake a chocolate cake? in the document?,Not Exist
Does the book mention what is the name of the 'reborn psion' device mike halsey owns?,Exist
Is there information about who painted the mona lisa? in the document?,Not Exist
Does the book mention what is 'it support fundamentals'?,Exist
Does the PDF explain what is the weight of an adult elephant?,Not Exist
Can you tell me what is the title of chapter 18?,Exist
Is there information about what is the tallest building in the world? in the document?,Not Exist
"According to the PDF, who is the author of 'the it support handbook'?",Exist
Tell me what is the meaning of life according to douglas adams?,Not Exist
Does the PDF explain what is the currency of japan?,Not Exist
I want to know what is 'the peripheral problem'?,Exist
Can you tell me what is 'task manager'?,Exist
How do you solve a Rubik's cube?,Not Exist
Does the book mention what is 'reliability history'?,Exist
Tell me who won the super bowl in 2025?,Not Exist
"According to the PDF, what is the 'human factor' in it support?",Exist
Can you tell me in which city does mike halsey live?,Exist
Where can I find what is the history of the roman empire? in the PDF?,Not Exist
What does the term 'Numpty' mean according to the book?,Exist
What is 'IP Freely'?,Exist
Tell me who painted the mona lisa?,Not Exist
Where can I find who is the greek god of the sea? in the PDF?,Not Exist
"According to the PDF, what is 'performance monitor'?",Exist
Tell me what is the diameter of the sun?,Not Exist
What is 'Windows vNext'?,Exist
Does the PDF explain who discovered penicillin?,Not Exist
Does the PDF explain what is the history of the roman empire?,Not Exist
Can you tell me what is 'flow logic' in troubleshooting?,Exist
"According to the PDF, what is 'ip freely'?",Exist
How many moons does Jupiter have?,Not Exist
Is there information about what is steve jobs' favorite food? in the document?,Not Exist
Can you tell me what is 'system information'?,Exist
What is 'IP Freely'?,Exist
"According to the PDF, which company did mike halsey work for in second-line support?",Exist
"According to the PDF, what is 'screencasting'?",Exist
Does the book mention who is the coordinating editor of the book?,Exist
I want to know what is 'chrome remote desktop'?,Exist
Does the book mention what is 'event viewer'?,Exist
Does the book mention what is the isbn-13 for the paperback version?,Exist
Where can I find how do you play the violin? in the PDF?,Not Exist
I want to know what are the three fundamental questions of it support mentioned in chapter 1?,Exist
I want to know what is 'hardware is hard wearing'?,Exist
Tell me what is the weight of an adult elephant?,Not Exist
I want to know what is 'logmein'?,Exist
Tell me who was the first person to walk on the moon?,Not Exist
What is 'Quick Assist'?,Exist
Who is the Greek god of the sea?,Not Exist
Tell me what is the chemical formula for caffeine?,Not Exist
"According to the PDF, what is 'hardware is hard wearing'?",Exist
Where can I find who is the author of 'harry potter'? in the PDF?,Not Exist
Is there information about what is the history of the roman empire? in the document?,Not Exist
Can you tell me what is the 'asset tag'?,Exist
"According to the PDF, which publisher released 'the it support handbook'?",Exist
Where can I find what is the history of the great wall of china? in the PDF?,Not Exist
Does the PDF explain how do you code a neural network from scratch in c++?,Not Exist
Is there information about what is the lyrics to 'bohemian rhapsody'? in the document?,Not Exist
I want to know what is 'it support methodology'?,Exist
I want to know what is 'quick assist'?,Exist
Does the PDF explain how do you grow tomatoes in a greenhouse?,Not Exist
Can you tell me what was mike halsey's first computer?,Exist
Can you tell me what is 'task manager'?,Exist
Does the PDF explain what is the most popular programming language in 2026?,Not Exist
Where can I find what is the lyrics to 'bohemian rhapsody'? in the PDF?,Not Exist
How do you perform a heart transplant?,Not Exist
What is the chemical formula for caffeine?,Not Exist
Is there information about what is the deepest part of the ocean? in the document?,Not Exist
Which tool is used for 'Harnessing System and Error Reporting in Windows' in Chapter 14?,Exist
Does the book mention what is 'unix-verse'?,Exist
"According to the PDF, what is the name of the 'reborn psion' device mike halsey owns?",Exist
Where can I find how do you code a neural network from scratch in c++? in the PDF?,Not Exist
"According to the PDF, what is the 'monkey mind' mentioned in chapter 8?",Exist
"According to the PDF, what is the 'human factor' in it support?",Exist
Does the PDF explain what is the speed of light in a vacuum?,Not Exist
Where can I find what is the square root of 9801? in the PDF?,Not Exist
Tell me what is the largest ocean on earth?,Not Exist
"According to the PDF, what is 'system information'?",Exist
I want to know what was mike halsey's first computer?,Exist
Is there information about how do you train a dragon? in the document?,Not Exist
Does the book mention what was mike halsey's first computer?,Exist
Does the book mention what is 'ip freely'?,Exist
What is the plot of the movie 'Inception'?,Not Exist
Tell me who is the lead singer of queen?,Not Exist
I want to know what is 'event viewer'?,Exist
Where can I find who invented the telephone? in the PDF?,Not Exist
Does the book mention in which city does mike halsey live?,Exist
Is there information about what is the speed of light in a vacuum? in the document?,Not Exist
Tell me who is the greek god of the sea?,Not Exist
Does the PDF explain what is the chemical formula for caffeine?,Not Exist
How do you fix a leaking faucet?,Not Exist
Tell me what is the history of the great wall of china?,Not Exist
Is there information about what is the diameter of the sun? in the document?,Not Exist
Does the book mention what is the isbn-13 for the paperback version?,Exist
What is 'Android'?,Exist
"According to the PDF, what is the 'process of elimination'?",Exist
I want to know what is the 'language barrier' mentioned in chapter 1?,Exist
I want to know what is the 'process of elimination'?,Exist
Is there information about who wrote 'to kill a mockingbird'? in the document?,Not Exist
What is 'Chrome Remote Desktop'?,Exist
Does the book mention what is the 'xbox game bar' mentioned in chapter 18?,Exist
Can you tell me what is 'joining the dots'?,Exist
Is there information about what is the weight of an adult elephant? in the document?,Not Exist
Tell me what is the capital of kazakhstan?,Not Exist
"According to the PDF, what is 'screencasting'?",Exist
What is the history of the Great Wall of China?,Not Exist
Tell me how do you train a dragon?,Not Exist
Where can I find what is the recipe for lasagna? in the PDF?,Not Exist
Who won the FIFA World Cup in 2022?,Not Exist
Where can I find what is the history of the great wall of china? in the PDF?,Not Exist
Can you tell me in which city does mike halsey live?,Exist
"According to the PDF, what are the three fundamental questions of it support mentioned in chapter 1?",Exist
Can you tell me who is the coordinating editor of the book?,Exist
Does the book mention what is 'unix-verse'?,Exist
What is the 'Process of Elimination'?,Exist
Can you tell me what is 'flow logic' in troubleshooting?,Exist
I want to know what is 'joining the dots'?,Exist
I want to know what is the isbn-13 for the paperback version?,Exist
Where can I find who won the super bowl in 2025? in the PDF?,Not Exist
"According to the PDF, what is 'it support methodology'?",Exist
"According to the PDF, what is 'windows nt'?",Exist
Who discovered penicillin?,Not Exist
Tell me what is the largest ocean on earth?,Not Exist
Which tool is used for 'Harnessing System and Error Reporting in Windows' in Chapter 14?,Exist
Is there information about who is the current president of france? in the document?,Not Exist
Tell me how do you make a paper airplane?,Not Exist
Where can I find who is the ceo of tesla in 2024? in the PDF?,Not Exist
Who won the Super Bowl in 2025?,Not Exist
Does the PDF explain who is the greek god of the sea?,Not Exist
"According to the PDF, what is 'hardware is hard wearing'?",Exist
Tell me who won the fifa world cup in 2022?,Not Exist
Does the book mention who is the technical reviewer of the book?,Exist
Where can I find what is the history of the roman empire? in the PDF?,Not Exist
What is the history of the Roman Empire?,Not Exist
"According to the PDF, who is the coordinating editor of the book?",Exist
Is there information about who discovered penicillin? in the document?,Not Exist
What is the 'Peripheral Problem' discussed in Chapter 9?,Exist
"According to the PDF, what does the term 'numpty' mean according to the book?",Exist
Does the book mention who is the author of 'the it support handbook'?,Exist
Is there information about what is the capital of australia? in the document?,Not Exist
Can you tell me what is 'windows vnext'?,Exist
What is 'Screencasting'?,Exist
I want to know what is the 'peripheral problem' discussed in chapter 9?,Exist
Does the PDF explain how do you solve a rubik's cube?,Not Exist
"According to the PDF, what is the 'process of elimination'?",Exist
How do you write a 'Hello World' program in Rust?,Not Exist
Tell me what is the distance between earth and mars?,Not Exist
Is there information about how do you bake a chocolate cake? in the document?,Not Exist
Where can I find what is the capital of australia? in the PDF?,Not Exist
"According to the PDF, what is the title of chapter 18?",Exist
I want to know what is 'understanding your it system better'?,Exist
Does the book mention what is the isbn-13 for the paperback version?,Exist
Where can I find how do you make a paper airplane? in the PDF?,Not Exist
Does the book mention what is 'windows vnext'?,Exist
Where can I find who painted the mona lisa? in the PDF?,Not Exist
"According to the PDF, what is 'the peripheral problem'?",Exist
Does the book mention what is 'quick assist'?,Exist
Does the PDF explain what is the population of tokyo?,Not Exist
Does the book mention which publisher released 'the it support handbook'?,Exist
I want to know what is 'event viewer'?,Exist
Can you tell me what is 'windows vnext'?,Exist
Can you tell me what is 'reliability history'?,Exist
Where can I find how do you fix a leaking faucet? in the PDF?,Not Exist
Does the PDF explain what is the best way to learn surfing?,Not Exist
What is 'Understanding Your IT System Better'?,Exist
Is there information about what is the most popular programming language in 2026? in the document?,Not Exist
Tell me how do you train a dragon?,Not Exist
What is 'Unix-verse'?,Exist
I want to know which remote support tool is mentioned in chapter 16?,Exist
Does the PDF explain who painted the mona lisa?,Not Exist
Tell me who won the super bowl in 2025?,Not Exist
Can you tell me what is 'system information'?,Exist
Where can I find what is the currency of japan? in the PDF?,Not Exist
How do you play the violin?,Not Exist
I want to know what is the isbn-13 for the paperback version?,Exist
Who discovered penicillin?,Not Exist
Where can I find how do you code a neural network from scratch in c++? in the PDF?,Not Exist
I want to know what does the term 'numpty' mean according to the book?,Exist
"According to the PDF, what is 'hardware is hard wearing'?",Exist
Does the book mention who is the author of 'the it support handbook'?,Exist
Does the book mention what is 'logmein'?,Exist
"According to the PDF, which publisher released 'the it support handbook'?",Exist
Where can I find what is the history of the great wall of china? in the PDF?,Not Exist
Where can I find what is the plot of the movie 'inception'? in the PDF?,Not Exist
What is the 'Human Factor' in IT support?,Exist
What is the name of the 'reborn Psion' device Mike Halsey owns?,Exist
Is there information about how do you perform a heart transplant? in the document?,Not Exist
Who painted the Mona Lisa?,Not Exist
What is 'System Information'?,Exist
What is the capital of Kazakhstan?,Not Exist
Where can I find who wrote 'to kill a mockingbird'? in the PDF?,Not Exist
What does the term 'Numpty' mean according to the book?,Exist
Where can I find what is the capital of kazakhstan? in the PDF?,Not Exist
Does the PDF explain what is the recipe for lasagna?,Not Exist
What is the capital of Australia?,Not Exist
Does the PDF explain what is the boiling point of gold?,Not Exist
Can you tell me which remote support tool is mentioned in chapter 16?,Exist
Is there information about what is the capital of australia? in the document?,Not Exist
Does the PDF explain who is the lead singer of queen?,Not Exist
What is 'Task Manager'?,Exist
Is there information about what is the diameter of the sun? in the document?,Not Exist
"According to the PDF, what is 'reliability history'?",Exist
What is the 'Language Barrier' mentioned in Chapter 1?,Exist
Is there information about who discovered penicillin? in the document?,Not Exist
Does the PDF explain how do you write a 'hello world' program in rust?,Not Exist
Who invented the telephone?,Not Exist
What is 'Querying Users Effectively'?,Exist
"According to the PDF, what is 'joining the dots'?",Exist
"According to the PDF, what is 'event viewer'?",Exist
I want to know who is the coordinating editor of the book?,Exist
"According to the PDF, which remote support tool is mentioned in chapter 16?",Exist
"According to the PDF, what is 'joining the dots'?",Exist
Where can I find who is the lead singer of queen? in the PDF?,Not Exist
In which city does Mike Halsey live?,Exist
Who is the Coordinating Editor of the book?,Exist
Tell me what is the population of tokyo?,Not Exist
What is 'Performance Monitor'?,Exist
Does the book mention what is 'logmein'?,Exist
Tell me who is the lead singer of queen?,Not Exist
Is there information about who is the lead singer of queen? in the document?,Not Exist
Can you tell me what does the term 'numpty' mean according to the book?,Exist
What is the 'Monkey Mind' mentioned in Chapter 8?,Exist
What is the main ingredient in hummus?,Not Exist
Who is the Greek god of the sea?,Not Exist
Tell me what is the main ingredient in hummus?,Not Exist
Is there information about what is the recipe for lasagna? in the document?,Not Exist
How do you fix a leaking faucet?,Not Exist
Does the book mention what is 'it support fundamentals'?,Exist
Does the book mention what are the three fundamental questions of it support mentioned in chapter 1?,Exist
What is 'Event Viewer'?,Exist
Where can I find how do you train a dragon? in the PDF?,Not Exist
"According to the PDF, who is the technical reviewer of the book?",Exist
Does the book mention what is 'performance monitor'?,Exist
I want to know what is 'the peripheral problem'?,Exist
What is the weight of an adult elephant?,Not Exist
I want to know who is the technical reviewer of the book?,Exist
Is there information about what is the capital of kazakhstan? in the document?,Not Exist
How many moons does Jupiter have?,Not Exist
Does the book mention what was mike halsey's first computer?,Exist
Does the PDF explain how do you code a neural network from scratch in c++?,Not Exist
I want to know what is the title of chapter 18?,Exist
How do you grow tomatoes in a greenhouse?,Not Exist
Is there information about who is the greek god of the sea? in the document?,Not Exist
Does the book mention what is the 'process of elimination'?,Exist
Where can I find who is the lead singer of queen? in the PDF?,Not Exist
Who is the current President of France?,Not Exist
Can you tell me what is the isbn-13 for the paperback version?,Exist
Does the PDF explain how do you grow tomatoes in a greenhouse?,Not Exist
Who invented the telephone?,Not Exist
"According to the PDF, what is 'android'?",Exist
Does the PDF explain who is the ceo of tesla in 2024?,Not Exist
Can you tell me what is the 'language barrier' mentioned in chapter 1?,Exist
Where can I find who is the ceo of tesla in 2024? in the PDF?,Not Exist
Does the book mention what is 'joining the dots'?,Exist
Does the PDF explain what is the best treatment for a common cold?,Not Exist
"According to the PDF, what is 'understanding your users'?",Exist
Is there information about what is the diameter of the sun? in the document?,Not Exist
Does the PDF explain what is the distance between earth and mars?,Not Exist
Does the PDF explain how do you train a dragon?,Not Exist
Where can I find what is the best treatment for a common cold? in the PDF?,Not Exist
I want to know what is 'realvnc'?,Exist
What is Steve Jobs' favorite food?,Not Exist
I want to know what does the term 'numpty' mean according to the book?,Exist
Tell me who won the super bowl in 2025?,Not Exist
Does the book mention what is 'hardware is hard wearing'?,Exist
"According to the PDF, what is 'windows vnext'?",Exist
What is 'The Peripheral Problem'?,Exist
Can you tell me what is 'windows remote assistance'?,Exist
What is the population of Tokyo?,Not Exist
Does the PDF explain how do you play the violin?,Not Exist
Where can I find what is the population of tokyo? in the PDF?,Not Exist
Does the book mention what does the term 'numpty' mean according to the book?,Exist
"According to the PDF, what is the name of the 'reborn psion' device mike halsey owns?",Exist
Does the book mention what is 'understanding your users'?,Exist
Does the PDF explain what is the weight of an adult elephant?,Not Exist
I want to know what is 'hardware is hard wearing'?,Exist
"According to the PDF, what is the 'asset tag'?",Exist
How do you train a dragon?,Not Exist
Who is the CEO of Tesla in 2024?,Not Exist
Does the book mention what is 'screencasting'?,Exist
"According to the PDF, what is 'performance monitor'?",Exist
Where can I find who is the greek god of the sea? in the PDF?,Not Exist
I want to know what is the name of the 'reborn psion' device mike halsey owns?,Exist
What is 'Joining the Dots'?,Exist
Tell me who won the fifa world cup in 2022?,Not Exist
Can you tell me what is the 'human factor' in it support?,Exist
"According to the PDF, what is 'it support methodology'?",Exist
Who is the author of 'The IT Support Handbook'?,Exist
Does the book mention what is 'it support methodology'?,Exist
Where can I find what is the main ingredient in hummus? in the PDF?,Not Exist
Can you tell me what is 'task manager'?,Exist
Where can I find what is the tallest building in the world? in the PDF?,Not Exist
What is the title of Chapter 18?,Exist
"According to the PDF, what is the 'monkey mind' mentioned in chapter 8?",Exist
Tell me what is the deepest part of the ocean?,Not Exist
Is there information about what is the diameter of the sun? in the document?,Not Exist
Tell me what is the tallest building in the world?,Not Exist
Where can I find who is the greek god of the sea? in the PDF?,Not Exist
Can you tell me what is 'quick assist'?,Exist
"According to the PDF, what is the isbn-13 for the paperback version?",Exist
Is there information about how do you tie a tie? in the document?,Not Exist
Tell me how do you solve a rubik's cube?,Not Exist
Tell me what is the weight of an adult elephant?,Not Exist
Does the book mention what is 'windows vnext'?,Exist
Can you tell me what is the isbn-13 for the paperback version?,Exist
Does the PDF explain what is the history of the roman empire?,Not Exist
Where can I find what is the largest ocean on earth? in the PDF?,Not Exist
What is the tallest building in the world?,Not Exist
"According to the PDF, what is 'reliability history'?",Exist
Does the PDF explain how do you perform a heart transplant?,Not Exist
Is there information about who is the current president of france? in the document?,Not Exist
"According to the PDF, what is 'android'?",Exist
Does the book mention in which city does mike halsey live?,Exist
What is the weight of an adult elephant?,Not Exist
Is there information about how do you make a paper airplane? in the document?,Not Exist
Where can I find how do you train a dragon? in the PDF?,Not Exist
Does the book mention who is the technical reviewer of the book?,Exist
Does the book mention what is 'chrome remote desktop'?,Exist
What is the name of the 'reborn Psion' device Mike Halsey owns?,Exist
Tell me who is the current president of france?,Not Exist
Is there information about what is the capital of australia? in the document?,Not Exist
Tell me what is the main ingredient in hummus?,Not Exist
Is there information about what is the distance between earth and mars? in the document?,Not Exist
"According to the PDF, what is 'realvnc'?",Exist
Is there information about how do you fix a leaking faucet? in the document?,Not Exist
Does the PDF explain what is the most popular programming language in 2026?,Not Exist
What is the population of Tokyo?,Not Exist
Does the PDF explain who is the greek god of the sea?,Not Exist
Is there information about what is the largest ocean on earth? in the document?,Not Exist
Does the PDF explain what is the recipe for lasagna?,Not Exist
Who is the Coordinating Editor of the book?,Exist
Where can I find how do you code a neural network from scratch in c++? in the PDF?,Not Exist
Can you tell me what is 'unix-verse'?,Exist
Is there information about how many bones are in the human body? in the document?,Not Exist
How do you fix a leaking faucet?,Not Exist
Tell me what is the largest ocean on earth?,Not Exist
Where can I find how do you make a paper airplane? in the PDF?,Not Exist
Which publisher released 'The IT Support Handbook'?,Exist
Tell me what is steve jobs' favorite food?,Not Exist
Can you tell me what is the title of chapter 4?,Exist
Does the PDF explain who painted the mona lisa?,Not Exist
What is the population of Tokyo?,Not Exist
Can you tell me what is the isbn-13 for the paperback version?,Exist
Where can I find what is the boiling point of gold? in the PDF?,Not Exist
Tell me how do you write a 'hello world' program in rust?,Not Exist
Is there information about who is the author of 'harry potter'? in the document?,Not Exist
Tell me who painted the mona lisa?,Not Exist
Is there information about who is the greek god of the sea? in the document?,Not Exist
Who painted the Mona Lisa?,Not Exist
What is the speed of light in a vacuum?,Not Exist
What is the chemical formula for caffeine?,Not Exist
Does the book mention what is the 'process of elimination'?,Exist
Is there information about what is the history of the roman empire? in the document?,Not Exist
Can you tell me what is 'reliability history'?,Exist
Can you tell me what is the 'human factor' in it support?,Exist
"According to the PDF, what is the 'asset tag'?",Exist
Does the book mention what is 'chrome remote desktop'?,Exist
Does the PDF explain who painted the mona lisa?,Not Exist
What is the name of the 'reborn Psion' device Mike Halsey owns?,Exist
What is 'LogMeIn'?,Exist
Can you tell me what is the 'xbox game bar' mentioned in chapter 18?,Exist
What is the tallest building in the world?,Not Exist
Does the PDF explain what is the speed of light in a vacuum?,Not Exist
"According to the PDF, what does the term 'numpty' mean according to the book?",Exist
What is the recipe for lasagna?,Not Exist
Does the book mention what is 'system information'?,Exist
Tell me who wrote 'to kill a mockingbird'?,Not Exist
What is the 'Problem Steps Recorder' used for?,Exist
Can you tell me what is the 'peripheral problem' discussed in chapter 9?,Exist
Does the PDF explain what is the speed of light in a vacuum?,Not Exist
"According to the PDF, what is the 'language barrier' mentioned in chapter 1?",Exist
Can you tell me what is the 'human factor' in it support?,Exist
Does the book mention what is 'system information'?,Exist
I want to know what are the names of mike halsey's rescue collies?,Exist
Does the book mention what is 'windows vnext'?,Exist
Does the book mention what is the 'problem steps recorder' used for?,Exist
What is 'Unix-verse'?,Exist
Does the book mention what is the 'problem steps recorder' used for?,Exist
How do you write a 'Hello World' program in Rust?,Not Exist
"According to the PDF, what is 'aging tech'?",Exist
Where can I find what is the capital of australia? in the PDF?,Not Exist
In which city does Mike Halsey live?,Exist
Does the book mention what is 'android'?,Exist
Who is the current President of France?,Not Exist
How many bones are in the human body?,Not Exist
How do you tie a tie?,Not Exist
Can you tell me what is 'event viewer'?,Exist
Does the PDF explain what is the distance between earth and mars?,Not Exist
Can you tell me what is the 'process of elimination'?,Exist
Where can I find how do you write a 'hello world' program in rust? in the PDF?,Not Exist
"According to the PDF, what is the name of the 'reborn psion' device mike halsey owns?",Exist
What is 'System Information'?,Exist
"According to the PDF, what is 'windows nt'?",Exist
Tell me what is the diameter of the sun?,Not Exist
Does the PDF explain what is the chemical formula for caffeine?,Not Exist
Can you tell me what is 'event viewer'?,Exist
Who won the Super Bowl in 2025?,Not Exist
"According to the PDF, what is 'logmein'?",Exist
What is the recipe for lasagna?,Not Exist
Does the book mention what is 'hardware is hard wearing'?,Exist
I want to know what is 'screencasting'?,Exist
Who invented the telephone?,Not Exist
What was Mike Halsey's first computer?,Exist
What is the distance between Earth and Mars?,Not Exist
Can you tell me what is the 'monkey mind' mentioned in chapter 8?,Exist
Can you tell me what is 'windows vnext'?,Exist
Where can I find who is the greek god of the sea? in the PDF?,Not Exist
Can you tell me what is 'aging tech'?,Exist
Is there information about what is the chemical formula for caffeine? in the document?,Not Exist
Does the book mention what is 'understanding your users'?,Exist
Can you tell me what is 'reliability history'?,Exist
Is there information about who discovered penicillin? in the document?,Not Exist
Does the PDF explain what is the best treatment for a common cold?,Not Exist
Can you tell me what is 'ip freely'?,Exist
Does the book mention what is 'hardware is hard wearing'?,Exist
Tell me what is the tallest building in the world?,Not Exist
What is 'Reliability History'?,Exist
Does the PDF explain who is the ceo of tesla in 2024?,Not Exist
Where can I find what is the best treatment for a common cold? in the PDF?,Not Exist
"According to the PDF, what does the term 'numpty' mean according to the book?",Exist
Where can I find who is the ceo of tesla in 2024? in the PDF?,Not Exist
Tell me who is the greek god of the sea?,Not Exist
"According to the PDF, what is the 'language barrier' mentioned in chapter 1?",Exist
Where can I find what is the square root of 9801? in the PDF?,Not Exist
What is 'RealVNC'?,Exist
Where can I find what is the best way to learn surfing? in the PDF?,Not Exist
How do you code a neural network from scratch in C++?,Not Exist
Tell me what is the square root of 9801?,Not Exist
"According to the PDF, what is 'quick assist'?",Exist
Can you tell me what is 'event viewer'?,Exist
Does the PDF explain who wrote 'to kill a mockingbird'?,Not Exist
Does the book mention what is the 'xbox game bar' mentioned in chapter 18?,Exist
Who was the first person to walk on the moon?,Not Exist
Tell me what is the speed of light in a vacuum?,Not Exist
Does the book mention what was mike halsey's first computer?,Exist
I want to know what is 'unix-verse'?,Exist
Where can I find what is the currency of japan? in the PDF?,Not Exist
Is there information about who is the ceo of tesla in 2024? in the document?,Not Exist
I want to know what is 'event viewer'?,Exist
What is 'Aging Tech'?,Exist
Does the book mention what is 'chrome remote desktop'?,Exist
How do you fix a leaking faucet?,Not Exist
Tell me who is the greek god of the sea?,Not Exist
How do you make a paper airplane?,Not Exist
Tell me how do you grow tomatoes in a greenhouse?,Not Exist
"According to the PDF, what is 'logmein'?",Exist
"According to the PDF, what is the 'language barrier' mentioned in chapter 1?",Exist
Where can I find who is the lead singer of queen? in the PDF?,Not Exist
What was Mike Halsey's first computer?,Exist
Can you tell me what is 'understanding your it system better'?,Exist
Does the PDF explain what is the tallest building in the world?,Not Exist
Where can I find what is the diameter of the sun? in the PDF?,Not Exist
Can you tell me which company did mike halsey work for in second-line support?,Exist
"According to the PDF, which publisher released 'the it support handbook'?",Exist
Does the book mention what is 'android'?,Exist
Does the PDF explain who is the ceo of tesla in 2024?,Not Exist
Does the PDF explain what is the plot of the movie 'inception'?,Not Exist
What is the 'Peripheral Problem' discussed in Chapter 9?,Exist
Can you tell me which remote support tool is mentioned in chapter 16?,Exist
Does the PDF explain how do you grow tomatoes in a greenhouse?,Not Exist
Does the PDF explain who was the first person to walk on the moon?,Not Exist
Is there information about how do you play the violin? in the document?,Not Exist
How do you fix a leaking faucet?,Not Exist
I want to know which tool is used for 'harnessing system and error reporting in windows' in chapter 14?,Exist
Where can I find what is the weight of an adult elephant? in the PDF?,Not Exist
Is there information about who painted the mona lisa? in the document?,Not Exist
Can you tell me what is 'it support fundamentals'?,Exist
Can you tell me what is the 'language barrier' mentioned in chapter 1?,Exist
"According to the PDF, what is 'windows vnext'?",Exist
How do you fix a leaking faucet?,Not Exist
I want to know what is 'windows vnext'?,Exist
Does the book mention what is 'the peripheral problem'?,Exist
What is 'Task Manager'?,Exist
Does the PDF explain how do you tie a tie?,Not Exist
Tell me what is the square root of 9801?,Not Exist
Tell me what is the boiling point of gold?,Not Exist
Where can I find what is the meaning of life according to douglas adams? in the PDF?,Not Exist
Does the book mention what is 'aging tech'?,Exist
Does the book mention what is 'windows remote assistance'?,Exist
What is the 'Language Barrier' mentioned in Chapter 1?,Exist
Is there information about how do you bake a chocolate cake? in the document?,Not Exist
Does the book mention who is the technical reviewer of the book?,Exist
I want to know what is the name of the 'reborn psion' device mike halsey owns?,Exist
I want to know what does the term 'numpty' mean according to the book?,Exist
Can you tell me what is 'the peripheral problem'?,Exist
Does the PDF explain who won the fifa world cup in 2022?,Not Exist
I want to know what is 'joining the dots'?,Exist
What are the three fundamental questions of IT support mentioned in Chapter 1?,Exist
Is there information about how do you play the violin? in the document?,Not Exist
Tell me how many moons does jupiter have?,Not Exist
Where can I find how many bones are in the human body? in the PDF?,Not Exist
Tell me what is the diameter of the sun?,Not Exist
What is 'IP Freely'?,Exist
Tell me what is the history of the roman empire?,Not Exist
"According to the PDF, what is the 'problem steps recorder' used for?",Exist
Does the PDF explain how do you write a 'hello world' program in rust?,Not Exist
How do you play the violin?,Not Exist
"According to the PDF, what is 'screencasting'?",Exist
Does the book mention what is 'chrome remote desktop'?,Exist
Is there information about what is the plot of the movie 'inception'? in the document?,Not Exist
Does the book mention what is the title of chapter 18?,Exist
What is 'Joining the Dots'?,Exist
Is there information about what is the meaning of life according to douglas adams? in the document?,Not Exist
Does the book mention what are the three fundamental questions of it support mentioned in chapter 1?,Exist
Can you tell me what are the names of mike halsey's rescue collies?,Exist
I want to know what is 'task manager'?,Exist
"According to the PDF, what is 'android'?",Exist
Does the book mention which remote support tool is mentioned in chapter 16?,Exist
Tell me who is the author of 'harry potter'?,Not Exist
Where can I find what is the population of tokyo? in the PDF?,Not Exist
"According to the PDF, what is the name of the 'reborn psion' device mike halsey owns?",Exist
"According to the PDF, what is 'task manager'?",Exist
Does the book mention what is the 'peripheral problem' discussed in chapter 9?,Exist
"According to the PDF, what are the three fundamental questions of it support mentioned in chapter 1?",Exist
Can you tell me what is 'windows vnext'?,Exist
Is there information about what is the currency of japan? in the document?,Not Exist
Tell me how do you train a dragon?,Not Exist
Tell me what is the weight of an adult elephant?,Not Exist
Does the PDF explain who won the super bowl in 2025?,Not Exist
I want to know what is the 'asset tag'?,Exist
Does the PDF explain how do you tie a tie?,Not Exist
Who wrote 'To Kill a Mockingbird'?,Not Exist
Where can I find how do you train a dragon? in the PDF?,Not Exist
I want to know what is 'understanding your it system better'?,Exist
Can you tell me what is 'reliability history'?,Exist
Can you tell me what is the 'peripheral problem' discussed in chapter 9?,Exist
Can you tell me what is the 'peripheral problem' discussed in chapter 9?,Exist
"According to the PDF, what is the 'process of elimination'?",Exist
Where can I find what is the lyrics to 'bohemian rhapsody'? in the PDF?,Not Exist
Tell me what is the tallest building in the world?,Not Exist
"According to the PDF, what is 'joining the dots'?",Exist
Does the book mention what is 'performance monitor'?,Exist
"According to the PDF, what does the term 'numpty' mean according to the book?",Exist
What is the 'Xbox Game Bar' mentioned in Chapter 18?,Exist
Is there information about what is the chemical formula for caffeine? in the document?,Not Exist
Does the PDF explain how do you fix a leaking faucet?,Not Exist
Is there information about what is the best treatment for a common cold? in the document?,Not Exist
Does the PDF explain how many bones are in the human body?,Not Exist
Can you tell me what is 'task manager'?,Exist
What is the 'Xbox Game Bar' mentioned in Chapter 18?,Exist
Does the book mention what is 'it support fundamentals'?,Exist
Who is the CEO of Tesla in 2024?,Not Exist
"According to the PDF, what is 'logmein'?",Exist
"According to the PDF, what is the 'peripheral problem' discussed in chapter 9?",Exist
Does the book mention which publisher released 'the it support handbook'?,Exist
Tell me what is the boiling point of gold?,Not Exist
Does the book mention what is the title of chapter 18?,Exist
Is there information about what is the recipe for lasagna? in the document?,Not Exist
I want to know what is 'performance monitor'?,Exist
"According to the PDF, what is 'performance monitor'?",Exist
Is there information about who is the ceo of tesla in 2024? in the document?,Not Exist
Does the PDF explain how do you bake a chocolate cake?,Not Exist
Does the book mention what is 'task manager'?,Exist
Can you tell me who is the coordinating editor of the book?,Exist
Is there information about what is the recipe for lasagna? in the document?,Not Exist
"According to the PDF, who is the author of 'the it support handbook'?",Exist
Does the book mention what is 'android'?,Exist
"According to the PDF, who is the author of 'the it support handbook'?",Exist
Where can I find what is the recipe for lasagna? in the PDF?,Not Exist
How do you grow tomatoes in a greenhouse?,Not Exist
Is there information about how do you solve a rubik's cube? in the document?,Not Exist
Does the book mention what is 'querying users effectively'?,Exist
Is there information about how do you solve a rubik's cube? in the document?,Not Exist
What is the capital of Kazakhstan?,Not Exist
Where can I find who painted the mona lisa? in the PDF?,Not Exist
Does the PDF explain what is the diameter of the sun?,Not Exist
Is there information about how do you grow tomatoes in a greenhouse? in the document?,Not Exist
Who is the technical reviewer of the book?,Exist
What is 'IT Support Fundamentals'?,Exist
Tell me how do you write a 'hello world' program in rust?,Not Exist
I want to know who is the coordinating editor of the book?,Exist
Does the PDF explain what is the capital of kazakhstan?,Not Exist
Tell me who painted the mona lisa?,Not Exist
I want to know what is 'android'?,Exist
"According to the PDF, what is 'windows remote assistance'?",Exist
Is there information about who is the current president of france? in the document?,Not Exist
"According to the PDF, what is 'realvnc'?",Exist
Does the PDF explain what is the best way to learn surfing?,Not Exist
Does the PDF explain what is the deepest part of the ocean?,Not Exist
Where can I find how do you write a 'hello world' program in rust? in the PDF?,Not Exist
"According to the PDF, what is 'joining the dots'?",Exist
Can you tell me what is 'event viewer'?,Exist
Tell me how do you play the violin?,Not Exist
What is 'Task Manager'?,Exist
Does the PDF explain how do you solve a rubik's cube?,Not Exist
I want to know what is 'unix-verse'?,Exist
Is there information about what is the main ingredient in hummus? in the document?,Not Exist
What is the boiling point of gold?,Not Exist
Where can I find what is the main ingredient in hummus? in the PDF?,Not Exist
I want to know what is 'quick assist'?,Exist
What is the most popular programming language in 2026?,Not Exist
Where can I find what is the plot of the movie 'inception'? in the PDF?,Not Exist
What is 'LogMeIn'?,Exist
Where can I find who discovered penicillin? in the PDF?,Not Exist
Can you tell me what is 'windows remote assistance'?,Exist
Does the book mention what is the 'problem steps recorder' used for?,Exist
I want to know which tool is used for 'harnessing system and error reporting in windows' in chapter 14?,Exist
Can you tell me what is 'understanding your users'?,Exist
Can you tell me what does the term 'numpty' mean according to the book?,Exist
Is there information about what is the most popular programming language in 2026? in the document?,Not Exist
Does the PDF explain what is the speed of light in a vacuum?,Not Exist
Where can I find who wrote 'to kill a mockingbird'? in the PDF?,Not Exist
What is Steve Jobs' favorite food?,Not Exist
Does the PDF explain what is the history of the roman empire?,Not Exist
I want to know what is 'quick assist'?,Exist
Is there information about what is the population of tokyo? in the document?,Not Exist
Can you tell me what is the 'xbox game bar' mentioned in chapter 18?,Exist
What is the currency of Japan?,Not Exist
Can you tell me what is 'understanding your users'?,Exist
What is the diameter of the Sun?,Not Exist
Is there information about what is the lyrics to 'bohemian rhapsody'? in the document?,Not Exist
Does the book mention what is 'system information'?,Exist
I want to know what is 'logmein'?,Exist
Is there information about how do you train a dragon? in the document?,Not Exist
Does the book mention what is the 'monkey mind' mentioned in chapter 8?,Exist
Does the book mention what is 'chrome remote desktop'?,Exist
Is there information about what is the capital of australia? in the document?,Not Exist
I want to know what is the 'process of elimination'?,Exist
"According to the PDF, what is the 'xbox game bar' mentioned in chapter 18?",Exist
Is there information about who is the lead singer of queen? in the document?,Not Exist
Tell me what is the history of the roman empire?,Not Exist
Is there information about who wrote 'to kill a mockingbird'? in the document?,Not Exist
Does the PDF explain how do you solve a rubik's cube?,Not Exist
Where can I find what is the diameter of the sun? in the PDF?,Not Exist
Can you tell me what is the 'process of elimination'?,Exist
Does the PDF explain how do you tie a tie?,Not Exist
Tell me what is the deepest part of the ocean?,Not Exist
Is there information about what is the chemical formula for caffeine? in the document?,Not Exist
Does the book mention what is 'joining the dots'?,Exist
I want to know which publisher released 'the it support handbook'?,Exist
Tell me what is the best way to learn surfing?,Not Exist
"According to the PDF, what are the three fundamental questions of it support mentioned in chapter 1?",Exist
"According to the PDF, what is 'ip freely'?",Exist
I want to know what was mike halsey's first computer?,Exist
Who invented the telephone?,Not Exist
Does the PDF explain who won the super bowl in 2025?,Not Exist
"According to the PDF, what is 'reliability history'?",Exist
I want to know what is 'it support methodology'?,Exist
Can you tell me what is 'screencasting'?,Exist
I want to know what is 'joining the dots'?,Exist
What is 'Joining the Dots'?,Exist
Is there information about what is the main ingredient in hummus? in the document?,Not Exist
Can you tell me what is 'android'?,Exist
What is 'LogMeIn'?,Exist
"According to the PDF, what is 'realvnc'?",Exist
How do you code a neural network from scratch in C++?,Not Exist
"According to the PDF, what is 'aging tech'?",Exist
Tell me what is the capital of australia?,Not Exist
What is 'Unix-verse'?,Exist
"According to the PDF, what is 'quick assist'?",Exist
What is the distance between Earth and Mars?,Not Exist
Where can I find how do you perform a heart transplant? in the PDF?,Not Exist
"According to the PDF, what is the isbn-13 for the paperback version?",Exist
Can you tell me what is the isbn-13 for the paperback version?,Exist
Does the book mention what is the 'problem steps recorder' used for?,Exist
What is 'Task Manager'?,Exist
Does the PDF explain who won the super bowl in 2025?,Not Exist
Can you tell me what is the title of chapter 4?,Exist
"According to the PDF, what is 'performance monitor'?",Exist
What is the best way to learn surfing?,Not Exist
Tell me what is the capital of kazakhstan?,Not Exist
Does the PDF explain who is the lead singer of queen?,Not Exist
Where can I find who is the greek god of the sea? in the PDF?,Not Exist
Does the PDF explain what is the history of the roman empire?,Not Exist
Can you tell me what is 'hardware is hard wearing'?,Exist
Does the PDF explain how many moons does jupiter have?,Not Exist
What is the 'Xbox Game Bar' mentioned in Chapter 18?,Exist
Does the PDF explain who is the ceo of tesla in 2024?,Not Exist
Does the PDF explain what is the weight of an adult elephant?,Not Exist
Does the book mention what is 'screencasting'?,Exist
Does the PDF explain how do you play the violin?,Not Exist
